{
    "means": [
        0.172236829996109,
        0.5704243779182434,
        0.4697962701320648,
        0.9541201591491699,
        0.20518730580806732,
        0.3426327407360077,
        -0.47316956520080566,
        0.3191547095775604,
        -0.6748703718185425
    ],
    "stds": [
        0.14586065709590912,
        0.027348443865776062,
        0.15568295121192932,
        0.03214830160140991,
        0.17456550896167755,
        0.8815768361091614,
        0.27991554141044617,
        0.43474307656288147,
        0.4312743842601776
    ],
    "threshold": 8.902270317077637,
    "sample_count": 4,
    "registered_at": "2026-07-22 14:29:31"
}